{"cameraMode":{"drawMode":0,"name":"Shaded","section":"Shading Mode"},"sceneLighting":true,"audioPlay":false,"sceneViewState":{"m_AlwaysRefresh":false,"showFog":true,"showSkybox":true,"showFlares":true,"showImageEffects":true,"showParticleSystems":true,"showVisualEffectGraphs":true,"m_FxEnabled":true},"in2DMode":false,"pivot":{"x":0.08763599395751953,"y":-0.7721881866455078,"z":0.8310055732727051},"rotation":{"x":-0.14032573997974397,"y":0.8373928666114807,"z":-0.25354090332984927,"w":-0.4634687304496765},"size":8.66025447845459,"orthographic":false}